sample_id,jaccard,f1,recall,precision,accuracy
1,0.8378604262432093,0.9117780809458845,0.909297052154195,0.9142726858185134,0.99407958984375
